,name,address
0,강원홍천군홍천점,강원 홍천군 홍천읍 갈마로
1,강원양구군방산점,강원 양구군 방산면 장거리길
2,강원춘천시석사점,강원 춘천시 우석로
3,강원춘천시퇴계점,강원 춘천시 춘주로
4,강원홍천군시동점,강원 홍천군 남면 시동안로
5,강원인제군신남점,강원 인제군 남면 신남로
6,강원춘천시교동후평점,강원 춘천시 성심로
7,강원화천군산양리점,강원 화천군 상서면 영서로
8,강원양구군동면점,강원 양구군 동면 금강산로
9,강원강릉시포남1점,강원 강릉시 성덕포남로
10,강원영월군영월점,강원 영월군 영월읍 은행나무길
11,강원강릉시초당점,강원 강릉시 초당원길
12,강원원주시단계점,강원 원주시 원문로
13,강원원주시명륜점,강원 원주시 남산로
14,강원태백시태백점,강원 태백시 황지로
15,강원원주시단관점,강원 원주시 단관초교길
16,강원속초시교동점,강원 속초시 동해대로
17,강원속초시조양점,강원 속초시 동해대로
18,강원원주시문막점,강원 원주시 문막읍 건등로
19,강원동해시부곡점,강원 동해시 발한로
20,강원양양군양양점,강원 양양군 양양읍 양양로
21,강원양양군하조대점,강원 양양군 현북면 조준길
22,강원원주시오크밸리점,강원도 원주시 지정면 오크밸리1길
23,강원철원군지경리점,강원 철원군 갈말읍 청양로
24,강원인제군서화점(B),강원 인제군 서화면 천도로
25,강원화천군다목리점,강원 화천군 상서면 수피령로
26,강원평창군진부점,강원 평창군 진부면 진부중앙로
27,강원동해시망상점,강원 동해시 동해대로
28,강원철원군자등리점,강원 철원군 서면 자등로
29,강원홍천군대명비발디점,강원 홍천군 서면 한치골길
30,강원화천군화천점,강원 화천군 화천읍 중앙
31,강원강릉시내곡점,강원 강릉시 범일로
32,강원속초시금호점,강원 속초시 미시령로
33,강원원주시무실점,강원 원주시 섬밭들길
34,강원동해시효가점,강원 동해시 동해대로
35,강원태백시장성점,강원 태백시 장성로
36,강원원주시태장점,강원 원주시 북원로
37,강원평창군대관령점,강원 평창군 대관령면 경강로 
38,강원평창군장평점,강원 평창군 용평면 경강로
39,강원정선군정선점,강원 정선군 정선읍 봉양길
40,경기포천시운천점,경기 포천시 영북면 운천로
41,강원철원군동송점,강원 철원군 동송읍 금학로
42,강원철원군와수리점,강원 철원군 서면 와수로
43,강원강릉시홍제점,강원 강릉시 홍제로
44,강원평창군봉평점,강원 평창군 봉평면 태기로
45,강원강릉시솔올점,강원 강릉시 원대로
46,강원강릉시입암점,강원 강릉시 강변로
47,강원강릉시사천해변점,강원 강릉시 사천면 진리해변길
48,강원춘천시효자점,강원 춘천시 서부대성로
49,강원춘천시칠전송암점,강원 춘천시 옛경춘로
50,강원인제군현리점,강원 인제군 기린면 내린천로
51,강원양구군양구점,강원 양구군 양구읍 중앙길
52,강원철원군내대리점,강원 철원군 갈말읍 두루미로
53,강원원주시혁신도시점,강원 원주시 웅비2길 
54,강원춘천시강북점,강원 춘천시 충열로
55,강원삼척시교동점,강원 삼척시 정상로
56,강원강릉시주문진점,강원 강릉시 주문진읍 주문로
57,강원횡성군횡성점,강원 횡성군 횡성읍 읍하로
58,강원화천군사내점,강원 화천군 사내면 사내로
59,강원철원군신철원점,강원 철원군 갈말읍 삼부연로
60,강원인제군인제점,강원 인제군 인제읍 인제로
61,강원동해시천곡점,강원 동해시 한섬로
62,강원고성군고성간성점,강원 고성군 간성읍 간성로
63,서울도봉구신창점,서울 도봉구 덕릉로
64,경기파주시선유점,경기 파주시 문산읍 독서울길
65,경기양주시광적점,경기 양주시 광적면 삼일로
66,경기연천군전곡점,경기도 연천군 전곡읍 은전로
67,경기동두천시생연점,경기 동두천시 삼육사로
68,경기포천시신읍리점,경기 포천시 왕방로
69,경기양주시신산점,경기 양주시 남면 개나리길
70,서울강북구미아점,서울 강북구 삼양로
71,경기의정부시의정부1점,경기 의정부시 호국로
72,경기양주시덕계점,경기 양주시 평화로
73,경기양주시장흥점,경기 양주시 장흥면 호국로
74,서울성동구행당1점,서울 성동구 왕십리로길
75,경기연천군대광리점,경기 연천군 신서면 연신로
76,서울용산구원효점,서울 용산구 새창로길
77,경기고양시풍동점,경기 고양시 일산동구 숲속마을로
78,경기고양시주교점,경기 고양시 덕양구 원당로
79,경기의정부시금오지구점,경기 의정부시 청사로
80,서울성북구정릉점,서울 성북구 보국문로
81,서울서대문구홍제1점,서울 서대문구 통일로
82,경기양주시송추점,경기 양주시 장흥면 호국로
83,서울중랑구묵2동점,서울 중랑구 동일로
84,경기고양시라페스타점,경기 고양시 일산동구 무궁화로
85,경기파주시봉일천점,경기 파주시 조리읍 송비말길
86,서울동대문구용두1호점,서울 동대문구 정릉천동로
87,경기포천시양문점,경기 포천시 영중면 양문로
88,서울마포구망원점,서울 마포구 포은로
89,서울동대문구신이문점,서울 동대문구 한천로
90,서울노원구상계마들점,서울 노원구 한글비석로
91,경기파주시문산점,경기 파주시 문산읍 문향로
92,경기고양시성석점,경기 고양시 일산동구 고봉로
93,서울성북구보문점,서울 성북구 보문로
94,경기고양시행신3점,경기 고양시 덕양구 화신로
95,서울서대문구이대역점,서울 서대문구 연세로
96,서울중랑구망우점,서울 중랑구 용마산로
97,경기고양시식사동점,경기 고양시 일산동구 위시티3로
98,경기양주시고읍지구점,경기 양주시 고읍로
99,서울광진구화양점,서울 광진구 아차산로
100,경기연천군연천점,경기 연천군 연천읍 연천로
101,경기고양시주엽1점,경기 고양시 일산서구 대산로
102,서울광진구자양2점,서울 광진구 뚝섬로
103,서울광진구어린이대공원점,서울 광진구 광나루로
104,서울은평구역촌점,서울 은평구 역말로
105,서울강북구수유점,서울 강북구 삼양로
106,경기포천시이동점,경기 포천시 이동면 성장로
107,서울은평구신사점,서울 은평구 증산로
108,서울강북구삼각산점,서울 강북구 삼양로
109,경기동두천시송내지구점,경기 동두천시 동두천로
110,서울중랑구면목1동점,서울 중랑구 사가정로
111,서울노원구상계2점,서울 노원구 상계로
112,경기양주시덕정점,경기 양주시 화합로
113,서울도봉구방학1점,서울 도봉구 도당로
114,경기고양시대화점,경기 고양시 일산서구 강성로
115,서울성북구동소문점,서울 성북구 아리랑로
116,경기의정부시장암점,경기 의정부시 장곡로
117,경기포천시내촌점,경기 포천시 내촌면 내촌로
118,서울도봉구방학2점,서울 도봉구 방학로
119,경기양주시백석점,경기 양주시 백석읍 호명로
120,경기의정부시신곡점,경기 의정부시 시민로
121,서울성북구장위2동점,서울 성북구 돌곶이로
122,서울성북구석관점(B),서울 성북구 한천로
123,서울성동구한양점,서울 성동구 마조로
124,경기포천시일동점,경기 포천시 일동면 화동로
125,서울성북구월곡점,서울 성북구 오패산로
126,서울성동구금호점,서울 성동구 독서당로
127,서울은평구응암점,서울 은평구 응암로
128,서울동대문구전농2점,서울 동대문구 답십리로
129,경기고양시행신2점,경기 고양시 덕양구 무원로
130,경기의정부시금오점,경기 의정부시 하금로
131,경기고양시백마점,경기 고양시 일산동구 경의로
132,경기고양시덕이점,경기 고양시 일산서구 탄중로
133,서울종로구창신점(B),서울 종로구 지봉로
134,경기의정부시호원점,경기 의정부시 평화로
135,경기동두천시중앙점,경기 동두천시 동광로
136,서울광진구중곡2점,서울 광진구 동일로
137,경기고양시신원점,경기 고양시 덕양구 권율대로
138,서울광진구자양점,서울 광진구 능동로
139,서울마포구서교점,서울 마포구 월드컵북로
140,서울강북구번동점,서울 강북구 오현로
141,서울마포구성산점,서울 마포구 월드컵북로
142,서울동대문구휘경1점,서울 동대문구 한천로
143,서울서대문구남가좌점,서울 서대문구 증가로
144,경기의정부시망월사역점,경기 의정부시 평화로
145,서울광진구군자송정점,서울 광진구 동일로
146,경기의정부시가능3점,경기 의정부시 호국로
147,서울성북구길음점,서울 성북구 삼양로
148,경기포천시송우점,경기 포천시 소흘읍 봉솔로길
149,경기고양시관산점,경기 고양시 덕양구 통일로
150,서울마포구상암점(B),서울 마포구 월드컵북로
151,경기파주시금촌2동점,경기 파주시 황골로
152,서울용산구숙대점,서울 용산구 청파로
153,서울중구중림점,서울 중구 중림로
154,서울용산구이촌점,서울 용산구 이촌로
155,경기고양시화정2점,경기도 고양시 덕양구 화정로
156,서울도봉구창동점,서울 도봉구 덕릉로
157,경기의정부시신시가지점,경기 의정부시 범골로
158,경기파주시적성점,경기 파주시 적성면 청송로
159,서울용산구보광점,서울 용산구 보광로
160,서울마포구홍대역점,서울특별시 마포구 동교로
161,경기파주시법원점,경기 파주시 법원읍 사임당로
162,경기파주시운정1점,경기 파주시 와석순환로
163,경기고양시가좌점,경기 고양시 일산서구 가좌로
164,서울동대문구회기점,서울 동대문구 회기로
165,서울도봉구도봉산역점,서울 도봉구 도봉산3길 
166,서울중랑구면목3점,서울 중랑구 용마산로
167,서울중구을지로점,서울 중구 퇴계로
168,서울은평구갈현1점,서울 은평구 연서로
169,서울동대문구전농점,서울 동대문구 전농로
170,서울강북구수유2점,서울 강북구 삼각산로
171,서울중랑구중화점,서울 중랑구 동일로
172,서울성북구종암점(B),서울 성북구 종암로
173,경기고양시화정1점,경기 고양시 덕양구 화중로
174,서울서대문구북가좌2점,서울 서대문구 증가로
175,경기의정부시가능2점,경기 의정부시 가능로
176,경기연천군군남점,경기 연천군 군남면 군왕로
177,경기고양시성사점,경기 고양시 덕양구 마상로
178,서울성동구성수2가점,서울 성동구 성덕정길
179,서울서대문구연대점,서울 서대문구 연세로
180,서울은평구대조점,서울 은평구 통일로
181,경기파주시운정3점,경기 파주시 한빛로
182,서울광진구중곡1점,서울 광진구 면목로
183,서울중구신당2점,서울 중구 청구로
184,서울종로구광화문점(B),서울 종로구 사직로
185,서울노원구상계중앙점,서울 노원구 동일로
186,서울종로구독립문점,서울 종로구 통일로
187,서울중랑구면목2점,서울 중랑구 망우로
188,서울노원구중계2동점,서울 노원구 동일로
189,서울서대문구홍은1점,서울 서대문구 간호대로
190,서울중랑구상봉1점,서울 중랑구 신내로
191,경기포천시가산점,경기 포천시 가산면 가산로
192,서울중랑구신내1점,서울 중랑구 신내로
193,경기양주시옥정지구점,경기 양주시 새터로
194,경기양주시은현점,경기 양주시 은현면 은현로
195,서울은평구구산점,서울 은평구 갈현로
196,서울마포구마포역점,서울 마포구 새창로
197,경기고양시고양동점,경기 고양시 덕양구 혜음로
198,서울노원구하계1점,서울 노원구 공릉로
199,서울마포구공덕점,서울 마포구 만리재로
200,서울동대문구청량리점,서울 동대문구 홍릉로
201,서울도봉구쌍문점,서울 도봉구 노해로
202,서울종로구종로점,서울 종로구 수표로
203,서울은평구녹번점,서울 은평구 은평로
204,서울노원구중계4동점,서울 노원구 덕릉로
205,경기의정부시민락용현점,경기 의정부시 용현로
206,서울은평구불광점,서울 은평구 불광로
207,서울서대문구연희점,서울 서대문구 연희로
208,경기파주시LCD점,경기 파주시 월롱면 엘씨디로
209,서울서초구반포1점,서울 서초구 반포대로
210,서울금천구시흥2점,서울 금천구 금하로
211,서울동작구대방점,서울 동작구 등용로
212,서울동작구신대방점,서울 동작구 여의대방로
213,서울서초구방배1호점,서울 서초구 방배로
214,서울영등포구여의도점,서울 영등포구 의사당대로
215,서울관악구신림2점,서울 관악구 신림로
216,서울영등포구영등포점,서울 영등포구 영신로
217,서울송파구거여점,서울 송파구 성내천로
218,서울동작구상도1점,서울 동작구 상도로
219,서울영등포구대림3점,서울 영등포구 도림로
220,서울송파구삼전점,서울 송파구 삼전로6길
221,서울관악구관악구청점,서울 관악구 쑥고개로
222,서울동작구노량진점,서울 동작구 만양로
223,서울강남구개포1점,서울 강남구 개포로
224,서울영등포구여의도2호점,서울 영등포구 국제금융로
225,서울서초구잠원점,서울 서초구 나루터로
226,서울영등포구신풍역점,서울 영등포구 대방천로
227,서울관악구인헌점,서울 관악구 인헌길
228,서울서초구우면점,서울 서초구 형촌길
229,서울송파구잠실본점,서울 송파구 백제고분로
230,서울영등포구영등포푸르지오점,서울 영등포구 양산로
231,서울송파구석촌점,서울 송파구 가락로
232,서울관악구봉천중앙점,서울 관악구 남부순환로
233,서울송파구가락2점,서울 송파구 송이로
234,서울송파구문정장지점,서울 송파구 새말로
235,서울송파구오금점(B),서울 송파구 마천로
236,서울금천구가산독산1동점,서울 금천구 가산로
237,서울금천구독산점,서울 금천구 남부순환로
238,서울송파구가락점,서울 송파구 문정로
239,서울서초구방배본동점,서울 서초구 방배중앙로
240,서울서초구반포2점,서울 서초구 강남대로
241,서울서초구서초2점,서울 서초구 효령로
242,서울강남구역삼충현점,서울 강남구 봉은사로
243,서울서초구서초1호점,서울 서초구 효령로
244,서울관악구신림남부점,서울 관악구 남부순환로
245,서울관악구난곡점,서울 관악구 미성길
246,서울강남구신사점,서울 강남구 논현로
247,서울강남구도곡점,서울 강남구 도곡로
248,서울송파구풍납점,서울 송파구 풍성로
249,서울동작구사당이수점,서울 동작구 사당로
250,서울관악구봉천현대점(B),서울 관악구 봉천로
251,서울영등포구대림점(B),서울 영등포구 디지털로
252,서울송파구송파방이2점,서울 송파구 가락로
253,서울서초구서초중앙점,서울 서초구 서초중앙로
254,서울강남구논현1점,서울 강남구 강남대로
255,서울금천구금천점,서울 금천구 은행나무로
256,서울강남구청담점,서울 강남구 삼성로
257,서울송파구위례점,서울 송파구 위례광장로
258,서울강남구세곡자곡점,서울 강남구 자곡로
259,서울동작구중대점,서울 동작구 흑석로
260,서울동작구상도2호점(B),서울 동작구 성대로 
261,서울송파구잠실새내역점,서울 송파구 올림픽로
262,서울영등포구신길점,서울 영등포구 가마산로
263,서울강남구수서점,서울 강남구 광평로
264,경기과천시과천1점,경기 과천시 별양로
265,서울관악구봉천점,서울 관악구 은천로
266,서울강남구대치점,서울 강남구 삼성로
267,서울관악구신림점,서울 관악구 문성로
268,서울강남구역삼1점,서울 강남구 논현로
269,서울서초구양재점,서울 서초구 동산로
270,서울송파구잠실1점,서울 송파구 올림픽로
271,서울양천구신정점,서울 양천구 신목로
272,서울강서구염창점,서울 강서구 양천로
273,서울강서구방화2점,서울 강서구 금낭화로
274,경기광명시하안점,경기 광명시 하안로
275,서울양천구신정1동점,서울 양천구 은행정로
276,서울구로구구로1점,서울 구로구 구로동로
277,서울강서구화곡본동점,서울 강서구 초록마을로
278,서울강서구등촌3동점,서울 강서구 공항대로
279,경기안양시평촌1호점,경기 안양시 동안구 달안로
280,경기광명시철산점,경기 광명시 도덕공원로
281,서울강서구까치산점,서울 강서구 강서로
282,서울강서구화곡남부시장점,서울 강서구 곰달래로
283,경기안양시석수점,경기 안양시 만안구 석천로
284,서울강서구화곡1동점,서울 강서구 가로공원로
285,서울양천구신월1동점,서울 양천구 가로공원로
286,경기안양시안양2호점,경기 안양시 만안구 냉천로
287,서울강서구등촌2동점,서울 강서구 등촌로
288,경기안양시호계갈산점,경기 안양시 동안구
289,경기광명시소하점,경기 광명시소하로
290,서울양천구양천구청점,서울 양천구 목동남로
291,경기안양시호계오전점,경기 안양시 동안구 포도원로
292,경기광명시광명KTX역점,경기 광명시 덕안로
293,서울강서구가양1점(B),서울 강서구 양천로
294,서울양천구화곡3동점,서울 양천구 월정로
295,서울구로구남구로점,서울 구로구 도림로
296,경기광명시광명사거리점,경기 광명시 오리로
297,서울강서구방화1점,서울 강서구 양천로
298,서울양천구신월2점,서울 양천구 오목로
299,서울양천구목4동점,서울 양천구 목동중앙서로
300,경기안양시호계2호점,경기 안양시 동안구 전파로
301,서울강서구수명산파크점,서울 강서구 강서로
302,서울구로구오류1점,서울 구로구 부일로
303,서울양천구신월점,서울 양천구 신월로
304,서울구로구구로테크노마트점,서울 구로구 새말로
305,서울구로구고척1점,서울 구로구 경서로
306,경기안양시박달점,경기 안양시 만안구 양화로
307,서울구로구근린공원점,서울 구로구 고척로
308,서울구로구신도림점,서울 구로구 신도림로
309,경기안양시관양지구점,경기 안양시 동안구 관악대로
310,경기안양시관양비산점,경기 안양시 동안구 평촌대로
311,서울구로구개봉점(B),서울 구로구 개봉로
312,경기광명시광명시장점,경기 광명시 광이로
313,경기안양시평촌2호점,경기 안양시 동안구 관평로
314,경기안양시안양1호점,경기 안양시 만안구 냉천로
315,서울양천구목5동점(B),서울 양천구 목동서로
316,경기광명시철산역점,경기 광명시 디지털로
317,경기부천시송내점,경기 부천시 소사구 송내대로
318,경기김포시양곡점,경기 김포시 김포한강로
319,인천동구동인천송현점,인천 동구 화도로
320,인천부평구부개점,인천 부평구 길주남로
321,경기시흥시월곶점,경기 시흥시 월곶중앙로
322,인천남동구논현점,인천 남동구 논곡로
323,경기부천시범박점,경기 부천시 소사구 소사동로
324,경기부천시원종점,경기 부천시 오정구 소사로
325,인천계양구계산점,인천 계양구 용마루길
326,경기부천시심곡점,경기 부천시 소사구 심곡로
327,인천남구주안점,인천 남구 인주대로
328,경기부천시원미점,경기 부천시 원미구 조마루로
329,인천남구주안역점,인천 남구 주안로
330,경기부천시오정점,경기 부천시 오정구 부천로
331,경기김포시김포1호점,경기 김포시 관순로
332,인천부평구부평중앙점,인천 부평구 장제로
333,인천부평구청천점,인천 부평구 마장로
334,인천서구가좌점,인천 서구 여우재로
335,경기김포시고촌점,경기 김포시 고촌읍 은행영사정로
336,경기김포시풍무점,경기 김포시 양도로
337,경기김포시장기점,경기 김포시 김포한강로
338,인천서구검암점,인천 서구 도요지로
339,인천강화군강화1점,인천 강화군 강화읍 강화대로
340,인천부평구부평남부점,인천 부평구 남부역로
341,인천남동구간석점(B),인천 남동구 구월로
342,인천연수구송도신도시점,인천 연수구 해돋이로
343,경기부천시심곡북부점,경기 부천시 원미구 부흥로
344,경기시흥시거모점(B),경기 시흥시 한우물로
345,인천서구마전점,인천 서구 검단로
346,인천중구월미점,인천 중구 월미로
347,인천중구하늘도시점,인천 중구 하늘달빛로
348,인천연수구선학점,인천 연수구 선학로
349,경기시흥시시화점,경기 시흥시 중심상가로
350,인천서구신현점(B),인천 서구 율도로
351,인천남동구논현택지점(B),인천 남동구 소래역서로
352,인천남구문학관교점,인천 남구 매소홀로
353,경기시흥시정왕점,경기 시흥시 정왕천로
354,경기시흥시은행점,경기 시흥시 은행로
355,인천부평구부일점,인천 부평구 경인로
356,인천남동구서창1점,인천 남동구 서창남순환로
357,인천남구제물포점,인천 남구 수봉안길
358,인천연수구송도3동점,인천 연수구 송도문화로
359,인천연수구연수2동3동점,인천 연수구 샘말로
360,인천서구청라1호점,인천 서구 청라라임로
361,인천계양구작전점,인천 계양구 주부토로
362,인천부평구십정점,인천 부평구 열우물로
363,경기부천시고강점,경기 부천시 오정구 역곡로
364,경기시흥시신천점(B),경기 시흥시 신천로
365,인천계양구계양점,인천 계양구 임학서로
366,인천연수구동춘점,인천 연수구 먼우금로
367,경기김포시마송점,경기 김포시 통진읍 조강로
368,경기시흥시목감점,경기 시흥시 논곡길
369,경기부천시중동1점,경기 부천시 중동로
370,인천부평구삼산1동점,인천 부평구 대보로
371,경기시흥시연성2지구점,경기 시흥시 장곡로
372,인천계양구효성점(B),인천 계양구 새벌로
373,인천연수구옥련점(B),인천 연수구 한나루로
374,인천서구석남점,인천 서구 면개포로
375,경기부천시여월점,경기 부천시 오정구 삼작로
376,인천서구연희점,인천 서구 승학로
377,인천남동구구월점,인천 남동구 용천로
378,경기부천시상동점,경기 부천시 원미구 조마루로
379,인천계양구동양점,인천 계양구 당미길
380,인천서구당하점,인천 서구 원당대로
381,경기시흥시오이도역점,경기 시흥시 함송로
382,경기부천시중동약대점,경기 부천시 원미구 도약로
383,인천연수구청학점,인천 연수구 비류대로
384,인천남구용현점,인천 남구 아암대로
385,인천남구학익점,인천 남구 소성로
386,경기시흥시배곧1점,경기 시흥시 배곧4로
387,인천남동구만수2점,인천 남동구 만수서로
388,인천중구운서점,인천 중구 영종대로
389,인천남동구만수1점,인천 남동구 하촌로
390,인천부평구부평롯데점,인천 부평구 경원대로
391,인천동구송림점,인천 동구 동산로
392,인천계양구계산중앙점(B),인천 계양구 게양대로
393,경기부천시상동북부점,경기 부천시 원미구 송내대로
394,인천부평구산곡점,인천 부평구 화랑남로
395,인천옹진군백령점,인천 옹진군 백령면 백령로
396,경기부천시역곡점,경기 부천시 원미구 역곡로
397,인천남구주안2점,인천 남구 인주대로
398,경기부천시소사점,경기 부천시 소사구 은성로
399,인천부평구갈산점(B),인천 부평구 굴포로
400,경기남양주시오남리점,경기 남양주시 오남읍 진건오남로
401,경기남양주시금곡점,경기 남양주시 경춘로
402,경기양평군양평점,경기 양평군 양평읍 양근로
403,경기남양주시사능점,경기 남양주시 진건읍 진건오남로
404,경기구리시인창점,경기 구리시 건원대로
405,경기남양주시덕소점(B),경기 남양주시 와부읍 덕소로
406,경기남양주시월산점,경기 남양주시 화도읍 경춘로
407,경기가평군청평점,경기 가평군 청평면 잠곡로
408,경기가평군가평점,경기 가평군 가평읍 석봉로
409,경기이천시갈산점,경기 이천시 영창로
410,경기여주시여주점,경기 여주시 여흥로
411,경기가평군현리점,경기 가평군 하면 현창로
412,경기남양주시호평점,경기도 남양주시 천마산로
413,경기광주시태전점,경기 광주시 태봉로
414,경기여주시가남점,경기 여주군 가남면 경충대로
415,경기남양주시수동점,경기 남양주시 수동면 비룡로
416,경기하남시덕풍점,경기 하남시 신평로
417,경기구리시수택점,경기 구리시 원수택로
418,경기남양주시도농점,경기 남양주시 미금로
419,경기성남시이매점,경기 성남시 분당구 성남대로
420,경기남양주시별내점,경기 남양주시 별내3로
421,서울강동구성내1점,서울 강동구 천호옛길
422,경기광주시오포2호점,경기 광주시 오포읍 오포로
423,서울강동구암사2점,서울 강동구 고덕로
424,경기남양주시평내점,경기 남양주시 경춘로
425,경기양평군용두리점,경기 양평군 청운면 용두로
426,경기남양주시덕소2호점,경기 남양주시 와부읍 수레로
427,서울강동구천호2동점,서울 강동구 올림픽로
428,경기성남시서현점(B),경기 성남시 분당구 중앙공원로
429,경기성남시정자점,경기 성남시 분당구 백현로
430,경기성남시정자2호점,경기 성남시 분당구 정자로
431,서울강동구천호1점,서울 강동구 구천면로
432,경기가평군북면점,경기 가평군 북면 화악산로
433,경기광주시신현점,경기 광주시 오포읍 신현로
434,경기성남시구미점,경기 성남시 분당구
435,경기하남시신장점,경기 하남시 하남대로
436,경기남양주시창현점,경기 남양주시 화도읍 수레로
437,경기성남시수진점,경기 성남시 수정구 산성대로
438,경기광주시곤지암점,경기 광주시 곤지암읍 평촌길
439,경기성남시서판교점,경기 성남시 분당구 판교로
440,경기남양주시진접지구점,경기 남양주시 진접읍 해밀예당로
441,경기광주시광주점,경기 광주시 통미로
442,경기이천시아미점,경기 이천시 부발읍 경충대로
443,서울강동구명일점(B),서울 강동구 동남로
444,경기양평군한화리조트점,경기 양평군 옥천면 신촌길
445,경기남양주시별내2호점,경기 남양주시 두물로
446,경기성남시야탑점,경기 성남시 분당구 매화로
447,경기이천시관고동점,경기 이천시 영창로
448,경기여주시오학점,경기 여주시 학동 1길
449,경기성남시태평점,경기 성남시 수정구 탄리로
450,경기성남시성남점,경기 성남시 중원구 원터로
451,경기남양주시천마산점,경기 남양주시 화도읍 먹갓로
452,경기구리시교문점,경기 구리시 안골로
453,경기하남시미사1점,경기도 하남시 미사강변한강로
454,경기성남시단대오거리점,경기 성남시 중원구 자혜로
455,경기성남시상대원점,경기 성남시 중원구 박석로
456,경기성남시동판교점(B),경기 성남시 분당구 동판교로
457,경기남양주시다산진건점,경기 남양주시 다산순환로
458,서울강동구길동1점,서울 강동구 진황도로
459,경기성남시수내점(B),경기 성남시 분당구 발이봉북로
460,경기광주시양벌점,경기 광주시 오포읍 양벌로
461,서울강동구둔촌점,서울 강동구 천호대로
462,경기성남시위례중앙점,경기 성남시 수정구 위례서일로 3길
463,경기남양주시마석점(B),경기 남양주시 화도읍 마석로
464,경기남양주시청학점,경기 남양주시 별내면 청학로
465,경기남양주시퇴계원점,경기 남양주시 퇴계원면 퇴계원로
466,경기성남시산성점,경기도 성남시 수정구 희망로
467,서울강동구강일점,서울 강동구 아리수로
468,경기오산시운암1점,경기 오산시 운천로
469,경기안산시월피점,경기 안산시 상록구 예술광장로
470,경기오산시궐동점,경기 오산시 궐동로
471,경기평택시포승점,경기 평택시 포승읍 여술로
472,경기화성시안녕점,경기 화성시 화산중앙로
473,경기안산시초지점,경기 안산시 단원구 초지로
474,경기화성시향남1지구점,경기 화성시 향남읍 행정서로2길
475,경기오산시세교신도시점,경기 오산시 오산대역로
476,경기평택시팽성점(B),경기 평택시 팽성읍 팽성대교길
477,경기군포시금정점,경기 군포시 당산로
478,경기군포시대야미점,경기 군포시 대야로
479,경기수원시영통1호점,경기 수원시 영통구 매영로
480,경기수원시우만점,경기 수원시 팔달구 중부대로
481,경기용인시신갈점,경기 용인시 기흥구 용구대로
482,경기용인시용인1호점,경기 용인시 처인구 중부대로
483,경기의왕시내손동점,경기 의왕시 복지
484,경기의왕시부곡점,경기 의왕시 부곡중앙남길
485,경기용인시모현점,경기 용인시 처인구 모현면 백옥대로
486,경기수원시정자2동점,경기 수원시 장안구 수성로
487,경기용인시죽전1호점,경기 용인시 수지구 푸른솔로
488,경기용인시구성점,경기 용인시 기흥구 마북로
489,경기안산시본오1호점,경기 안산시 상록구 반석로
490,경기화성시병점1호점,경기 화성시 경기대로
491,경기안산시신도시점,경기 안산시 단원구 광덕로
492,경기평택시지산점,경기 평택시 지산로
493,경기평택시청북점,경기 평택시 청북면 안청로
494,경기안산시와동점,경기 안산시 단원구 선부로
495,경기오산시원동갈곶점,경기 오산시 밀머리로
496,경기용인시상현점,경기 용인시 수지구 만현로
497,경기용인시수지2지구점,경기 용인시 수지구 정평로
498,경기용인시풍덕천점,경기 용인시 수지구 풍덕천로
499,경기평택시이충장당점,경기 평택시 이충로
500,경기화성시남양점,경기 화성시 남양시장로
501,경기안산시사동점,경기 안산시 상록구 감골2로
502,경기화성시향남2지구점,경기 화성시 향남읍 한절이길
503,경기수원시세류2호점,경기 수원시 권선구 덕영대로
504,경기용인시서천점,경기 용인시 기흥구 서천서로
505,경기안산시선부1동점,경기 안산시 단원구 선부광장서로
506,경기군포시산본역점(B),경기 군포시 쟁골길
507,경기용인시보라점,경기 용인시 기흥구 한보라로
508,경기화성시동탄1호점,경기 화성시 동탄반송3길
509,경기화성시동탄2호점,경기 화성시 동탄반석로
510,경기수원시곡반정점,경기 수원시 권선구 곡선로
511,경기수원시매탄2동점,경기 수원시 영통구 산남로
512,경기용인시백암점,경기 용인시 백암로
513,경기수원시정자1동점,경기 수원시 장안구 대평로
514,경기수원시조원점,경기 수원시 장안구 조원로
515,경기수원시율천점,경기 수원시 장안구 율전로
516,경기용인시양지점,경기 용인시 처인구 양지면 남곡로
517,경기화성시팔탄점,경기 화성시 팔탄면 구장길
518,경기수원시신매탄점,경기 수원시 영통구 매탄로
519,경기용인시둔전점(B),경기 용인시 처인구 포곡읍 포곡로
520,경기안산시일동점,경기 안산시 상록구 식물원로
521,경기용인시죽전2호점,경기 용인시 수지구 죽전로
522,경기수원시인계점,경기 수원시 팔달구 장다리로
523,경기화성시동탄청계점,경기 화성시 동탄치 동천로 3길
524,경기화성시와우리점(B),경기 화성시 봉담읍 와우로
525,경기평택시세교점,경기 평택시 세교상가길
526,경기안산시신길지구점,경기 안산시 단원구 도일로
527,경기화성시봉담점,경기 화성시 봉담읍 오래길
528,경기용인시강남대점,경기 용인 기흥구 강남동로
529,경기수원시권선점(B),경기 수원시 권선구 권중로
530,경기용인시흥덕지구점(B),경기 용인시 기흥구 흥덕로
531,경기평택시비전1호점,경기 평택시 중앙로
532,경기수원시화서점,경기 수원시 팔달구 팔달로
533,경기용인시신봉점,경기 용인시 수지구 신봉로
534,경기수원시광교1호점,경기 수원시 영통구 법조로
535,경기평택시소사벌점,경기 평택시 비전6길
536,경기수원시연무점(B),경기 수원시 장안구 연무로
537,경기안산시본오2호점,경기 안산시 상록구 본원로
538,경기화성시동탄역점,경기 화성시 동탄대로
539,경기안산시원곡점,경기 안산시 단원구 원선로
540,경기수원시화서꽃뫼점(B),경기 수원시 팔달구 일월로
541,경기수원시고색오목점,경기 수원시 권선구 고산로
542,경기용인시동백지구점,경기 용인시 기흥구 평촌2로
543,경기수원시인계중앙점,경기 수원시 팔달구 권광로
544,경기화성시동탄3호점,경기 화성시 여울로
545,경기수원시호매실점,경기 수원시 권선구 매실로
546,경기수원시신영통점,경기 수원시 영통구 태장로
547,경기평택시용이지구점,경기 평택시 현신로
548,경기수원시매교세류점(B),경기 수원시 권선구 효원로
549,경기안산시선부1점,경기 안산시 단원구 화정천서로
550,경기안산시중앙점(B),경기 안산시 단원구 예술대학로
551,경기수원시매탄권선점,경기 수원시 영통구 권선로
552,경기수원시구운탑동점,경기 수원시 권선구 구운로
553,충남천안시쌍용1점,충남 천안시 서북구 쌍용길
554,충남천안시두정1점,충남 천안시 서북구 부성길
555,충남당진군합덕점,충남 당진시 합덕읍 중동길
556,충남천안시신방1점,충남 천안시 동남구 새말길
557,충남홍성군홍성점,충남 홍성군 홍성읍 문화로
558,충남천안시직산점,충남 천안시 서북구 직산읍 아랫말길
559,충남천안시구성점,충남 천안시 동남구 삼룡천길
560,충남계룡시계룡점,충남 계룡시 엄사면 번영로
561,충남아산시배방점,충남 아산시 배방읍 배방로
562,충남아산시용화점,충남 아산시 시민로
563,충남연기군조치원점,세종시 조치원읍 신흥샛터길
564,충남아산시신창점,충남 아산시 서부북로
565,충남천안시병천북면점,충남 천안시 동남구 충절로
566,충남태안군태안1점,충남 태안군 태안읍 군청길
567,충남천안시신부점,충남 천안시 동남구 천안천길
568,충남아산시장존점,충남 아산시 외암로
569,충남천안시입장점,충남 천안시 서북구 입장면 입장로
570,충남보령시대천점,충남 보령시 대천로
571,충남예산군예산점,충남 예산군 예산읍 역전로
572,충남논산시연무점,충남 논산시 연무읍 연무로
573,충남천안시안서점,충남 천안시 동남구 중암샛길
574,충남당진시당진2점,충남 당진시 원당로
575,충남서천군서면점,충남 서천군 서면 공암남촌길
576,충남홍성군내포신도시점,충남 홍성군 홍북면 의향로
577,충남논산시논산항공학교,충청남도 논산시 노성면 송당리
578,충남천안시신방초원점,충남 천안시 동남구 수곡로
579,충남당진시석문점,충남 당진시 석문면 대호만로
580,충남당진시송악점,충남 당진시 송악읍 도고머리길
581,충남서천군서천점(B),충남 서천군 서천읍 서천로
582,충남예산군삽교점,충남 예산군 삽교로
583,충남보령시대천해수욕장점,충남 보령시 해수욕장10길
584,충남아산시음봉점,충남 아산시 음봉면 음봉로
585,충남천안시불당점,충남 천안시 서북구 불당길
586,충남서산시읍내점,충남 서산시 부춘로
587,충남천안시쌍봉점,충남 천안시 서북구 봉서길
588,충남서산시성연점,충남 서산시 성연면 성연3로
589,충남보령시무창포해수욕장점,충남 보령시 웅천읍 열린바다로
590,충남서산시동문점,충남 서산시 율지8로
591,충남논산시논산1점(B),충남 논산시 시민로
592,세종시한솔동세종첫마을점,세종시 누리로
593,충남아산시영인점,충남 아산시 영인면 영인로
594,충남부여군부여점,충남 부여군 부여읍 사비로
595,충남공주시신관점,충남 공주시 번영로
596,충남천안시두정대아점,충남 천안시 서북구 두정중길
597,세종시아름동아름점,세종 보듬로
598,충남당진군당진점,충남 당진시 교동길
599,충남태안군안면점,충남 태안군 안면읍 장터로
600,세종시대평동보람점,세종특별자치시 시청대로
601,충남아산시장재점,충남 아산시 배방읍 새아산로
602,충남천안시성환점,충남 천안시 서북구 성환읍 신선동길
603,충남천안시신방통정점,충남 천안시 동남구 풍세로
604,충남공주시중동점(B),충남 공주시 웅진로
605,충남아산시온천점,충남 아산시 문화로
606,충남금산군금산점(B),충남 금산군 금산읍 금산로
607,충북충주시한국교통대점,충북 충주시 대소원면 대학로
608,충북단양군단양점,충북 단양군 단양읍 삼봉로
609,충북음성군음성점,충북 음성군 음성읍 시장로
610,충북충주시수안보점,충북 충주시 수안보면 온천중앙길
611,경기안성시안성1점(B),경기 안성시 안성맞춤대로
612,경기안성시홍익점,경기 안성시 금광면 신양복길
613,충북증평군증평점,충북 증평군 증평읍 충청대로
614,충북단양군매포읍점,충북 단양군 매포읍 단양로
615,충북충주시칠금점,충북 충주시 칠금중앙2길
616,경기안성시중앙대점(B),경기 안성시 대덕면 중앙대학로
617,충북괴산군괴산점,충북 괴산군 괴산읍 읍내로
618,충북음성군생극점,충북 음성군 생극면 음성로
619,충북제천시제천1점,충북 제천시 숭문로
620,충북음성군맹동점,충북 음성군 맹동면 덕금로
621,충북충주시신니면점,충북 충주시 신니면 덕고개로
622,경기안성시일죽점,경기 안성시 일죽면 금일로
623,충북제천시신백점,충북 제천시 신백로
624,충북음성군대소점,충북 음성군 대소면 오태로
625,충북진천군광혜원점(B),충북 진천군 광혜원면 화랑1길
626,충북진천군덕산점(B),충북 진천군 덕산면 용몽길
627,충북음성군맹동혁신도시점,충북 음성군 대하로
628,충북음성군삼성점(B),충북 음성군 삼성면 덕정로
629,충북음성군금왕점(B),충북 음성군 금왕읍 무극로
630,충북충주시충주1점,충북 충주시 금제길
631,경기안성시공도2점,경기 안성시 공도읍 공도3로
632,충북충주시충주2점,충북 충주시 형설로
633,경기안성시죽산점,경기 안성시 죽산면 중부길
634,충북충주시건대점,충북 충주시 충열길
635,충북충주시충주3점,충북 충주시 중원대로
636,충북제천시강제점,충북 제천시 청풍호로
637,충북진천군진천점,충북 진천군 진천읍 중앙서로
638,경기안성시동아방송대점,경기 안성시 삼죽면 동아예대길
639,충북제천시청전점,충북 제천시 의림대로 31길
640,충북음성군감곡점(B),충북 음성군 감곡면 장감로
641,충북충주시목행동량점,충북 충주시 행정길
642,충북청주시용암점,충북 청주시 상당구 낙영로
643,충북청주시가경1점,충북 청주시 흥덕구 풍년로
644,충북청주시하복대점,충북 청주시 흥덕구 진재로
645,충북청주시사직점,충북 청주시 서원구 호국로
646,대전유성구원내점,대전 유성구 진잠로
647,대전서구만년점,대전 서구 만년남로
648,대전유성구노은점,대전 유성구 반석로
649,충북청주시강내점,충북 청주시 흥덕구 강내면 월곡길
650,대전서구가장내동점,대전 서구 도솔로
651,대전유성구봉명구암점,대전 유성구 대학로
652,충북청주시율량점,충북 청주시 청원구 공항로
653,충북옥천군옥천점,충북 옥천군 옥천읍 성신로
654,대전동구가양비래점,대전 동구 우암로
655,대전서구갈마점,대전 서구 계룡로
656,대전동구우송대점,대전 동구 동대전로
657,대전유성구송강봉산점,대전 유성구 봉산로
658,대전중구중촌목동점,대전 중구 목동로
659,대전서구도마점,대전 서구 사마길
660,충북청주시오송점,충북 청주시 흥덕구 오송읍 연제길
661,충북청주시내수점,충북 청주시 청원구 내수읍 은곡묵방길
662,대전중구부사점,대전 중구 보문로
663,충북청주시분평점(B),충북 청주시 서원구 1순환로
664,충북청주시강서가경2점(B),충북 청주시 흥덕구 서현중로
665,충북청주시용담광장점,충북 청주시 상당구 산성로
666,대전서구월평점,대전 서구 월평중로
667,충북청주시산남3지구성화점,충북 청주시 서원구 원흥로
668,대전유성구테크노점,대전 유성구 관들길
669,대전서구도안신도시점,대전 서구 도안북로
670,대전대덕구법동점,대전 대덕구 계족로
671,충북청주시용암2점(B),충북 청주시 상당구 중고개로
672,대전중구문화점,대전 중구 보문산로
673,충북청주시오창점,충북 청주시 청원구 오창읍 연구단지로
674,충북청주시산남점,충북 청주시 서원구 수곡로
675,대전서구행복점,대전 서구 정림서로
676,대전대덕구송촌점(B),대전 대덕구 송촌북로
677,충북청주시청대점,충북 청주시 청원구 상당로
678,대전중구태평점,대전 중구 태평로
679,대전동구용운판암점,대전 동구 동부로
680,대전유성구궁동어은점(B),대전 유성구 농대로
681,충북보은군보은점,충북 보은군 보은읍 삼산로
682,충북청주시봉명점,충북 청주시 흥덕구 백봉로
683,충북영동군영동점,충북 영동군 영동읍 학산영동로
684,대전대덕구신탄진점,대전 대덕구 신탄진동로
685,대전유성구학하덕명점,대전 유성구 학하남로
686,대전동구가오점,대전 동구 은어송로
687,대전서구탄방점,대전 서구 문정로
688,대전동구한남대막시무스점,대전 대덕구 한남로
689,충북청주시개신점,충북 청주시 서원구 신율로
690,대전유성구전민점,대전 유성구 전민로
691,충북청주시사천점,충북 청주시 청원구 새터로
692,대구달성군화원점,대구 달성군 화원읍 화암로
693,대구북구칠곡1점,대구 북구 대천로
694,경북영주시영주2점,경북 영주시 구성로
695,대구달서구상인점,대구 달서구 상인로
696,경북구미시공단비산점,경상북도 구미시 비산로5길
697,경북칠곡군중리점,경북 칠곡군 석적읍 장곡길
698,경북안동시안동점,경북 안동시 서동문로
699,대구수성구범어점,대구 수성구 범어로
700,경북칠곡군오태북삼점,경북 칠곡군 북삼읍 금오대로
701,경북영주시풍기점,경북 영주시 풍기읍 동성로
702,경북구미시상모사곡점,경북 구미시 상사서로
703,경북구미시봉곡도량점,경북 구미시 도봉로
704,대구달서구용산1점,대구 달서구 와룡로
705,대구수성구시지1점,대구 수성구 달구벌대로
706,대구달서구신월배점,대구 달서구 조암남로
707,대구동구효목점,대구 동구 효목로
708,경북경산시영대점,경북 경산시 대학로
709,대구달서구두류광장점,대구 달서구 야외음악당로
710,경북안동시옥동송현점,경북 안동시 광명로
711,경북경산시계양사동점,경북 경산시 계양로
712,경북경산시진량점,경북 경산시 진량읍 영청길
713,경북상주시함창점,경북 상주시 함창읍 함창시장길
714,대구남구봉덕점,대구 남구 봉덕로
715,경북청도군청도점,경북 청도군 청도읍 청화로
716,경북안동시용상점,경북 안동시 경동로
717,경북김천시아포점,경북 김천시 아포읍 한지길
718,대구북구태전점(B),대구 북구 구암로
719,경북구미시선산점,경북 구미시 선산읍 남문로
720,경북영주시휴천점,경북 영주시 대학로
721,대구수성구시지사월점,대구 수성구 달구벌대로
722,대구달서구대곡진천점(B),대구 달서구 한실로
723,대구북구고성동점,대구 북구 옥산로
724,경북김천시김천1점,경북 김천시 김천로
725,대구동구율하점,대구 동구 율하동로
726,대구동구신천동점,대구 동구 국채보상로
727,대구달서구성당점(B),대구 달서구 감삼남길 
728,경북구미시송정원평점,경북 구미시 금오산로
729,대구남구대명2점,대구 남구 성당시장길
730,경북상주시상주2호점,경북 상주시 동수4길
731,대구수성구상동점,대구 수성구 수성로
732,대구달서구대곡역점,대구 달서구 비슬로
733,대구달성군서재점,대구 달성군 다사읍 서재로
734,대구달서구신당점,대구 달서구 신당로
735,경북고령군고령점,경북 고령군 고령읍 시장길
736,대구동구동호점,대구 동구 동호로
737,대구북구관음읍내동점,대구 북구 칠곡중앙대로
738,대구달성군논공점,대구 달성군 논공읍 논공중앙로
739,경북김천시덕곡율곡점,경북 김천시 영남대로
740,대구달성군현풍점,대구 달성군 현풍면 테크노중앙대로
741,경북경산시서부백천점,경북 경산시 경산로
742,경북김천시신음삼락점,경북 김천시 시청로
743,경북예천군예천점,경북 예천군 예천읍 중앙로
744,대구달성군구지점,대구 달성군 구지면 창리중앙길
745,대구달성군다사점,대구 달성군 다사읍 대실역북로
746,대구동구신암동점,대구 동구 신암로
747,경북구미시임수황상점,경북 구미시 인동북길
748,경북구미시원호도량1동점,경북 구미시 고아읍 문장로
749,경북의성군의성점,경북 의성군 의성읍 동서1길
750,대구달서구장기점,대구 달서구 구마로
751,대구동구불로봉무점,대구 동구 팔공로길
752,대구남구대명남산점,대구 남구 명덕로
753,대구북구만평점,대구 서구 서대구로
754,대구달서구성서점,대구 달서구 선원로
755,대구수성구지산점,대구 수성구 용학로
756,대구달서구송현점,대구 달서구 월배로
757,대구북구사수금호점,대구 북구 한강로
758,경북경산시옥산정평점,경북 경산시 대학로
759,경북구미시옥계점,경북 구미시 산호대로
760,경북구미시형곡점,경북 구미시 형곡로
761,대구북구칠성점,대구 북구 칠성로
762,대구서구평리점,대구 서구 국채보상로
763,경북구미시산동확장단지점,경북 구미시 산동면 신당인덕1로
764,대구중구동성로점,대구 중구 공평로
765,대구달서구이월드점,대구 달서구 두류공원로
766,대구북구복현검단점,대구 북구 경진로
767,대구달성군옥포점,대구 달성군 돌미로2길
768,경북문경시문경점,경북 문경시 점촌로
769,대구수성구수성점(B),대구 수성구 신천동로
770,경북칠곡군왜관점,경북 칠곡군 왜관읍 중앙로
771,대구수성구황금점,대구 수성구 청수로
772,경북구미시인동점,경북 구미시 인동길
773,경북봉화군봉화점,경북 봉화군 봉화읍 내성로
774,대구북구동서변점,대구 북구 서변로
775,대구수성구범물점,대구 수성구 지범로
776,대구동구방촌점,대구 동구 동촌로
777,대구서구내당대신동점,대구 서구 달서로
778,경북경산시하양점,경북 경산시 하양읍 하양역길
779,경북울진군북면점,경북 울진군 북면 울진북로
780,경북포항시대이점,경북 포항시 남구 대이로
781,경북경주시황성점,경북 경주시 황성로
782,경북포항시연일점,경북 포항시 남구 연일읍 철강로
783,경북포항시용흥점,경북 포항시 북구 새마을로
784,경북포항시흥해점,경북 포항시 북구 흥해읍 흥해로
785,경북포항시효곡점,경북 포항시 남구 효자동길
786,울산울주군남창점,울산 울주군 온양읍 연안길
787,경북포항시달전점,경북 포항시 북구 흥해읍 도음로
788,경북영천시야사점,경북 영천시 망정로
789,경북경주시동천점,경북 경주시 동천로
790,울산울주군구영점,울산 울주군 범서읍 대리길
791,울산북구호계점,울산 북구 동대길
792,경북포항시청하점,경북 포항시 북구 청하면 청하로
793,경북포항시양덕점,경북 포항시 북구 양덕로
794,경북울진군백암점,경북 울진군 온정면 소태로
795,울산중구우정점,울산 중구 유곡로
796,경북경주시강동점,경북 경주시 강동면 동해대로
797,울산동구전하점,울산 동구 진성길
798,경북울진군죽변점,경북 울진군 죽변면 죽변북로
799,경북경주시충효점,경북 경주시 충효녹지길
800,경북포항시우현점,경북 포항시 북구 선착로
801,경북경주시안강점,경북 경주시 안강읍 구부랑길
802,울산남구신정점,울산 남구 월평로
803,울산중구병영점,울산 중구 동천4길
804,울산남구옥동점,울산 남구 문수로
805,경북울진군후포점,경북 울진군 후포면 삼율길
806,울산남구야음점,울산 남구 수암로
807,울산남구무거2호점,울산 남구 삼호로
808,울산남구삼산점,울산 남구 왕생로86번길
809,울산동구남목점,울산 동구 미포길
810,울산북구화봉점(B),울산 북구 두부곡14길
811,울산북구양정점,울산 북구 염포로
812,울산울주군언양점(B),울산 울주군 언양읍 동부길
813,울산중구우정혁신점,울산 중구 종가길
814,경북포항시두호점,경북 포항시 북구 삼호로
815,울산남구야음2점,울산 남구 신선로
816,경북경주시내남점,경북 경주시 이조중앙길
817,경북포항시해도점(B),경북 포항시 남구 해동로
818,울산동구화정점(B),울산 동구 월봉길
819,경북울진군울진점,경북 울진군 울진읍 울진중앙로
820,울산북구강동점,울산 북구 산하중앙2로
821,경북경주시건천점,경북 경주시 건천읍 대곡용명길
822,경북포항시오천점,경북 포항시 남구 오천읍 문덕로
823,울산남구울산대점,울산 남구 대학로
824,경북포항시죽도점,경북 포항시 북구 중흥로
825,울산남구달동점,울산 남구 신정로
826,경북영덕군영덕점,경북 영덕군 영덕읍 군청길
827,울산북구아진점,울산 북구 아진로
828,경북포항시장성점,경북 포항시 북구 법원로
829,울산중구반구점,울산 중구 염포로
830,울산중구다운점,울산 중구 다운로
831,경북경주시외동점,경북 경주시 입실로
832,경북포항시남부점,경북 포항시 남구 상도로
833,울산동구방어점,울산 동구 화잠길
834,경북영덕군영해점,경북 영덕군 영해면 예주시장길
835,울산중구약사점,울산 중구 구교길
836,경북경주시금장점,경북 경주시 현곡면 안현로
837,경북경주시성건점,경북 경주시 금성로
838,부산부산진구양정점,부산 부산진구 범양로
839,부산북구금곡점,부산 북구 효열로
840,부산부산진구당감부암1점,부산 부산진구 백양순환로
841,부산기장군기장점,부산 기장군 기장읍 차성로
842,부산금정구서동점,부산 금정구 서동로
843,부산금정구남산점,부산 금정구 중앙대로
844,부산북구화명2점,부산 북구 학사로
845,부산부산진구신개금점,부산 부산진구 개금본동로
846,부산동래구사직1점,부산 동래구 사직북로
847,부산사하구다대1점,부산 사하구 윤공단로
848,부산사상구학장엄궁점,부산 사상구 학감대로
849,부산금정구부산대점,부산 금정구 금강로
850,부산해운대구반송1점,부산 해운대구 윗반송로
851,부산금정구부곡1점,부산 금정구 중앙대로
852,부산사하구하단점(B),부산 사하구 낙동대로
853,부산수영구광안1점,부산 수영구 광안로
854,부산사하구구평감천점,부산 사하구 서포로30번길
855,부산사하구다대2점,부산 사하구 다대로
856,부산북구덕천점,부산 북구 덕천길
857,부산남구문현점,부산 남구 고동골로
858,부산연제구시청점,부산 연제구 중앙대로
859,부산부산진구초읍연지점,부산 부산진구 성지로
860,부산사하구괴정행복점,부산 사하구 사리로
861,부산부산진구가야당감점,부산 부산진구 가야대로
862,부산서구대신점,부산 서구 망양로
863,부산영도구청학점,부산 영도구 태종로
864,부산동래구명장점,부산 동래구 명안로
865,부산해운대구반여2점,부산 해운대구 선수촌로
866,부산해운대구송정점,부산 해운대구 송정해변로
867,부산사상구주례점,부산 사상구 주례로
868,부산중구중부산점,부산 중구 대청로
869,부산동구초량점,부산 동구 초량북로
870,부산영도구남항점,부산 영도구 남항로
871,부산연제구연산토곡점,부산 연제구 과정로
872,부산사하구당리점,부산 사하구 제석로
873,부산수영구망미점,부산 수영구 연수로
874,부산남구대연점,부산 남구 유엔로
875,부산남구감만점,부산 남구 석포로
876,부산강서구명지국제신도시점,부산 강서구 명지국제8로 234
877,부산동래구온천3동점,부산 동래구 충렬대로
878,부산해운대구우1점,부산 해운대구 해운대해변로
879,부산북구구포1점,부산 북구 시랑로
880,부산연제구연산로타리점,부산 연제구 거제천로
881,부산부산진구가야개금1점,부산 부산진구 냉정로
882,부산해운대구해운대행복점,부산 해운대구 좌동순환로
883,부산해운대구재송반여점,부산 해운대구 재송2로
884,부산해운대구센텀점,부산 해운대구 재반로
885,부산해운대구벡스코점,부산 해운대구 해운대로
886,부산북구만덕점,부산 북구 덕천로
887,부산사하구괴정1점,부산 사하구 장평로
888,부산사상구모라1점,부산 사상구 백양대로
889,부산기장군정관점,부산 기장군 정관면 구연로
890,부산동래구온천점,부산 동래구 차밭골로
891,부산동래구안락1점,부산 동래구 연안로
892,부산연제구거제점,부산 연제구 월드컵대로
893,부산남구용호행복점,부산 남구 동명로
894,부산동래구수민점,부산 동래구 명륜로
895,부산영도구동삼점,부산 영도구 동삼로
896,부산부산진구범천점,부산 부산진구 신암로
897,부산남구대연못골점,부산 남구 진남로
898,부산부산진구전포점,부산 부산진구 동성로
899,부산남구용호점,부산 남구 용호로
900,부산강서구명지오션시티점,부산 강서구 명지오션시티로
901,부산사상구괘법감전점(B),부산 사상구 운산로
902,부산서구부민충무점,부산 서구 구덕로
903,부산강서구강서구청점,부산 강서구 대저로
904,부산해운대구해운대중동점,부산 해운대구 좌동순환로
905,부산금정구구서1점,부산 금정구 금강로
906,부산동구범일점,부산 동구 자성로
907,부산해운대구해운대신도시1호점,부산 해운대구 달맞이길
908,부산사하구신평점,부산 사하구 다대로142번길
909,경남통영시북신점,경남 통영시 북신동 해미당길
910,경남진주시신안점,경남 진주시 진양호로
911,경남거제시장승포점,경남 거제시 장승포로
912,경남거제시중곡점,경남 거제시 중곡로
913,경남창원시월영점,경남 창원시 마산합포구 월영북로
914,경남양산시북정점,경남 양산시 북정중앙로
915,경남산청군덕산점,경남 산청군 시천면 남명로
916,경남사천시삼천포점,경남 사천시 벌리로
917,경남진주시중앙상봉점,경남 진주시 진주성로
918,경남진주시상대점,경남 진주시 돗골로
919,경남김해시한림점,경남 김해시 한림면 한림로
920,경남창원시상남점,경남 창원시 성산구 토월로
921,경남김해시삼계점,경남 김해시 가야로
922,경남진주시금산점,경남 진주시 금산면 금산로
923,경남함양군함양점,경남 함양군 함양읍 용평3길
924,경남창원시내서삼계점,경남 창원시 마산회원구 내서읍 삼계숲길
925,경남양산시덕계1호점,경남 양산시 평산남4길
926,경남창원시반송1호점,경남 창원시 의창구 외동반림로
927,경남김해시외동점,경남 김해시 함박로
928,경남양산시범어점,경남 양산시 물금읍 화합길
929,경남마산시해운점,경남 창원시 마산합포구 월영동길
930,경남거제시옥포점,경남 거제시 옥포대첩로
931,경남양산시서창점,경남 양산시 삼호동부길
932,경남거제시상동점,경남 거제시 거제중앙로
933,경남고성군고성점,경남 고성군 고성읍 성내로
934,경남함안군함안점,경남 함안군 가야읍 함안대로
935,경남창원시봉곡점,경남 창원시 의창구 봉곡로
936,경남김해시율하1점,경남 김해시 율하로
937,경남김해시진영점,경남 김해시 진영읍 장등로
938,경남하동군하동점,경남 하동군 하동읍 중앙로
939,경남창원시진동점,경남 창원시 마산합포구 진동면 삼진의거대로
940,경남거제시아주점,경남 거제시 용소길
941,경남창원시창동점,경남 창원시 마산합포구 남성로
942,경남통영시죽림점,경남 통영시 광도면 죽림해안로
943,경남창원시중앙여좌점,경남 창원시 진해구 편백로
944,경남함안군군북점,경남 함안군 군북면 중암길
945,경남창원시회원점,경남 창원시 마산회원구 북성로
946,경남진주시판문점,경남 진주시 진양호로
947,경남창원시소답점,경남 창원시 의창구 읍성로
948,경남사천시사천점(B),경남 사천시 사천읍 읍내로
949,경남의령군의령점,경남 의령군 의령읍 의병로
950,경남밀양시삼문점,경남 밀양시 미리벌중앙로 85
951,경남함양군서하점,경남 함양군 서하면 함양남서로
952,경남창원시북면온천점,경남 창원시 의창구 북면 천주로
953,경남창원시명곡점,경남 창원시 의창구 명지로
954,경남창녕군남지점,경남 창녕군 난지읍 남지중앙2길
955,경남양산시어곡점,경남 양산시 어실로
956,경남거제시거제면점,경남 거제시 읍내로
957,경남창원시석전점,경남 창원시 마산회원구 석전남8길
958,경남합천군합천점,경남 합천군 합천읍 충효로
959,경남창원시가음점,경남 창원시 성산구 가양로
960,경남창원시풍호점,경남 창원시 진해구 풍호로
961,경남창원시동읍점,경남 창원시 의창구 동읍 의창대로
962,경남창원시용원점,경남 창원시 진해구 안골로
963,경남진주시도동점,경남 진주시 대신로
964,경남진주시가호점,경남 진주시 개양로
965,경남남해군남해점,경남 남해군 남해읍 화전로
966,경남진주시망경점,경남 진주시 진주대로
967,경남거제시장평점,경남 거제시 장평로
968,경남양산시남부점,경남 양산시 중앙로
969,경남창원시양덕1호점,경남 창원시 마산회원구 양덕북길
970,경남진해시석동점,경남 창원시 진해구 진해대로
971,경남거창군거창1점,경남 거창군 거창읍 아림로
972,경남통영시봉평미수점,경남 통영시 서송정1길
973,경남창원시팔용점,경남 창원시 의창구 남산로
974,경남창원시대방점,경남 창원시 성산구 대암로
975,경남창원시반지점,경남 창원시 성산구 반송로
976,경남창녕군창녕점,경남 창녕군 창녕읍 창녕대로
977,경남양산시증산1호점,경남 양산시 물금읍 백호길
978,경남창원시사파점,경남 창원시 성산구 동산로
979,경남마산시호계점,경남 창원시 마산회원구 내서읍 호원로
980,경남김해시팔판점,경남 김해시 팔판로
981,경남거제시지세포점,경남 거제시 일운면 거제대로
982,경남밀양시내일점,경남 밀양시 약산로
983,경남창원시감계점,경남 창원시 의창구 북면 감계로
984,경남김해시장유1호점,경남 김해시 능동로
985,경남양산시석산점(B),경남 양산시 동면 금오12길
986,경남김해시진례점,경남 김해시 진례면 송현로
987,경남창원시남문점,경남 창원시 진해구 웅천동로
988,경남김해시동상점,경남 김해시 구지로
989,경남창원시합성1호점(C),경남 창원시 마산회원구 합성옛길
990,경남진주시문산혁신점,경남 진주시 문산읍 소문길
991,경남창원시도계점,경남 창원시 의창구 원이대로
992,경남김해시삼방점,경남 김해시 삼안로
993,전북전주시서신점,전북 전주시 완산구 서신로
994,전북전주시송천점,전북 전주시 덕진구 천마산로
995,전북전주시호성점,전북 전주시 덕진구 소리로
996,전북전주시평화1점,전북 전주시 완산구 평화길
997,전북익산시부송점,전북 익산시 부송로
998,전북김제시김제점,전북 김제시 동서로
999,전북정읍시시기점,전북 정읍시 천변로
1000,전북남원시남원점,전라북도 남원시 동문로
1001,전북고창군고창점,전북 고창군 고창읍 성산길
1002,전북군산시옥서점,전북 군산시 옥서면 옥구저수지로
1003,전북군산시소룡산북점,전북 군산시 동아로
1004,전북무주군무주스키점,전북 무주군 설천면 구천동로
1005,전남광양시중동점,전남 광양시 광장로
1006,전남여수시안산점,전남 여수시 도원로
1007,전남여수시서교점,전남 여수시 서교길
1008,전남여수시국동점,전남 여수시 구봉산길
1009,전남광양시광영점,전남 광양시 금영로
1010,전남순천시삼산점,전남 순천시 중앙로
1011,전남순천시중앙점,전남 순천시 장명로
1012,전남순천시왕지점,전남 순천시 연동남길
1013,전북정읍시수성점,전북 정읍시 수성로
1014,전북익산시신동남중점,전북 익산시 익산대로
1015,전남순천시금당지구점,전남 순천시 해룡면 조례못등길
1016,전북군산시수송점,전북 군산시 동수송3길
1017,전남구례군구례지리산온천점,전남 구례군 산동면 하관길
1018,전남여수시여서점,전남 여수시 대치길
1019,전북익산시영등점,전북 익산시 고봉로
1020,전북전주시효자점,전북 전주시 완산구 강변로
1021,전북전주시서곡점,전북 전주시 완산구 서곡1길
1022,전북완주군삼례우석대점,전북 완주군 삼례읍 동학로
1023,전북무주군무주점,전북 무주군 무주읍 단천로
1024,전북익산시동산점,전북 익산시 서동로
1025,전북완주군봉동3공단점,전북 완주군 봉동읍 원둔산길
1026,전남여수시둔덕점,전남 여수시 쌍봉로
1027,전북익산시함열점,전북 익산시 함열읍 함열중앙로
1028,전북군산시중앙점,전북 군산시 중앙로
1029,전북군산시오식도점,전북 군산시 가도로
1030,전북전주시삼천점,전북 전주시 완산구 거마남로
1031,전북전주시아중점,전북 전주시 덕진구 동가재미길
1032,전북부안읍부안점,전북 부안군 부안읍 수정길
1033,전북군산시군산대점,전북 군산시 미제길
1034,전남순천시남제점,전남 순천시 우석로
1035,전남광양시마동점,전남 광양시 사동로
1036,전남여수시무선지구점,전남 여수시 무선길
1037,전북전주시덕진전북대점,전북 전주시 덕진구 명륜길
1038,전북전주시동산점,전북 전주시 덕진구 쪽구름길
1039,전북전주시전주대점,전북 전주시 효자로
1040,전남여수시신기점,전남 여수시 새터로
1041,전남광양시광양점,전남 광양시 광양읍 인서길
1042,전북전주시서학중앙점(B),전북 전주시 완산구 서학길
1043,전남순천시신대점,전남 해룡면 좌야로
1044,전북군산시조촌점,전북 군산시 진포로
1045,전남순천시연향점,전남 순천시 연향상가3길
1046,전북완주군혁신점,전북 완주군 이서면 안전로
1047,전남순천시조례점,전남 순천시 비봉길
1048,전북군산시나운2점,전북 군산시 나운안길
1049,전북전주시중화산점,전북 전주시 완산구 메너머길
1050,전북익산시모현점,전북 익산시 고현로길
1051,전북전주시진북인후점,전북 전주시 덕진구 팔달로
1052,전북군산시나운1점,전북 군산시 신설길
1053,전남여수시엑스포점,전남 여수시 동문로
1054,전남영광군영광점,전남 영광군 영광읍 신남로
1055,광주광산구운남점,광주 광산구 월곡중앙로
1056,광주북구동림점,광주 북구 동림용산로
1057,전남목포시하당1점,전남 목포시 백년대로
1058,광주서구금호점,광주 서구 금화로
1059,전남목포시용해점,전남 목포시 용당로
1060,전남목포시연산점,전남 목포시 원산로
1061,전남보성군보성점,전남 보성군 보성읍 중앙로
1062,전남목포시하당2점,전남 목포시 삼향천로
1063,광주북구일곡점,광주 북구 송해로
1064,광주서구풍암점,광주 서구 풍암신암로
1065,전남화순군화순점,전남 화순군 화순읍 만연로
1066,광주광산구첨단1호점,광주 광산구 산월로
1067,광주북구용봉점,광주 북구 설죽로
1068,광주북구양산점,광주 북구 양산택지로
1069,광주남구진월점,광주 남구 서문대로
1070,광주광산구송정1점,광주 광산구 남동길
1071,광주서구화정1점,광주 서구 염화로
1072,전남고흥군고흥점,전남 고흥군 고흥읍 봉황길
1073,광주북구두암1점,광주 북구 삼정로
1074,광주서구쌍촌1점,광주 서구 상일로
1075,전남해남군해남점,전남 해남군 해남읍 중앙로
1076,광주남구방림양림점,광주 남구 방림로
1077,광주남구주월점,광주 남구 회서로
1078,광주북구중흥점,광주 북구 용봉로
1079,전남보성군벌교점,전남 보성군 벌교읍 채동선로
1080,광주광산구수완1점,광주 광산구 장덕로
1081,광주동구학동점,광주 동구 천변우로
1082,전남완도군완도점,전남 완도군 완도읍 개포로
1083,광주남구월산까치점,광주 남구 독립로
1084,전남장흥군장흥점,전남 장흥군 장흥읍 북부로
1085,전남함평군함평점,전남 함평군 함평읍 중앙길
1086,전남목포시석현점(B),전남 목포시 텃골로
1087,전남진도군진도점,전남 진도군 진도읍 남문길
1088,광주남구효천점,광주 남구 효우로
1089,광주광산구선운점,광주 광산구 선운중앙로
1090,전남나주시영산포점,전남 나주시 남교길
1091,전남해남군우수영점,전남 해남군 문내면 동영길
1092,전남고흥군녹동점,전남 고흥군 도양읍 비봉로
1093,광주북구문흥점,광주 북구 면앙로
1094,광주남구봉선1점,광주 남구 봉선로
1095,광주광산구신가점,광주 광산구 신창로
1096,전남무안군남악점,전남 무안군 삼향읍 남악로
1097,전남목포시삼학점,전남 목포시 산정로
1098,전남나주시나주혁신도시점,전남 나주시 빛가람로
1099,광주북구첨단2지구점,광주 북구 임방울대로
1100,광주동구산수점,광주 동구 산수길 33
1101,전남나주시나주점,전남 나주시 나주로
1102,전남영암군삼호점,전남 영암군 삼호읍 대불주거로
1103,광주광산구산정점,광주 광산구 하남대로
1104,광주서구동천점,광주 서구 동천로
1105,전남담양군담양점,전남 담양군 담양읍 죽향대로
1106,광주서구상무점,광주 서구 상무평화로
1107,광주광산구우산소촌점(B),광주 광산구 무진대로
1108,광주북구신안점,광주 북구 중가로
1109,제주제주시노형점,제주 제주시 원노형로
1110,제주제주시외도점,제주 제주시 우령2길
1111,제주제주시화북삼양점,제주 제주시 진남로
1112,제주서귀포시서귀포1점,제주 서귀포시 일주동로
1113,제주서귀포시성산점,제주 서귀포시 성산읍 고성동서로
1114,제주서귀포시서귀포2호점,제주 서귀포시 장수로
1115,제주제주시도남점,제주 제주시 독짓골길
1116,제주서귀포시강정해군기지점,제주 서귀포시 강정동
1117,제주서귀포시신시가지점,제주 서귀포시 신북로
1118,제주서귀포시대정점,제주 서귀포시 대정읍 하모항구로6번길
1119,제주서귀포시표선점,제주 서귀포시 표선면 표선동서로
1120,제주제주시일도점,제주 제주시 청귤로
1121,제주제주시연동점,제주 제주시 연동길
1122,제주제주시한림점,제주 제주시 한림읍 한림로
1123,제주제주시아라점,제주 제주시 중앙로
1124,제주제주시조천함덕점,제주 제주시 조천읍 함덕길
1125,제주서귀포시화순안덕점,제주 서귀포시 안덕면 일주서로
1126,제주제주시용담점,제주 제주시 용문로
1127,제주제주시봉개점,제주 제주시 번영로
1128,제주서귀포시중문점,제주 서귀포시 천제연로
1129,제주서귀포시남원점,제주 서귀포시 남원읍 남원체육관로 
1130,서울구로구고척스카이돔점,서울 구로구 경인로 430
